Website,Bottle Title,Lot Number,Price,Distillery,Age,Vintage,Region,Bottler,Cask Type,Bottle Stength,Bottle Size,Distillery Status,Bid Status,Auction Date,Stock Image,Auction URL
whiskyauctioneer.com,Port Ellen 12 Year Old Queen's Visit 1980,318912,72000,Port Ellen,12 Year Old,,Islay,Official,,,Full size,Closed,Winning Bid,11.01.21,https://web-whisky-live.s3-eu-west-1.amazonaws.com/s3fs-public/styles/uc_product_full/public/IMG_4279_22.JPG?itok=K0RWD_ez,https://whiskyauctioneer.com/december-2020-auction
whiskyauctioneer.com,Macallan 78 Year Old The Red Collection,317182,69000,Macallan,78 year old,,Speyside,Official,,42.2%,70cl,Operational,Winning Bid,11.01.21,https://web-whisky-live.s3-eu-west-1.amazonaws.com/s3fs-public/styles/uc_product_full/public/IMG_9884_74.JPG?itok=IYf6a3rW,https://whiskyauctioneer.com/december-2020-auction
whiskyauctioneer.com,Macallan 50 Year Old Lalique Six Pillars Collection,318494,67000,Macallan,50 year old,,Speyside,Official,sherry wood,46%,70cl,Operational,Winning Bid,11.01.21,https://web-whisky-live.s3-eu-west-1.amazonaws.com/s3fs-public/styles/uc_product_full/public/IMG_6177_20.JPG?itok=UngDNx_I,https://whiskyauctioneer.com/december-2020-auction
whiskyauctioneer.com,Macallan 72 Year Old Lalique Genesis Decanter,320257,64000,Macallan,72 year old,,Speyside,Official,,42%,70cl,Operational,Winning Bid,11.01.21,https://web-whisky-live.s3-eu-west-1.amazonaws.com/s3fs-public/styles/uc_product_full/public/IMG_6218_21.JPG?itok=znlOaA1T,https://whiskyauctioneer.com/december-2020-auction
whiskyauctioneer.com,Bowmore 1966 Samaroli Bouquet,321354,48000,Bowmore,,1966,Islay,R.W. Duthie for Samaroli,,53%,75cl,Operational,Winning Bid,11.01.21,https://web-whisky-live.s3-eu-west-1.amazonaws.com/s3fs-public/styles/uc_product_full/public/IMG_7452_26.JPG?itok=biiJYRWu,https://whiskyauctioneer.com/december-2020-auction
whiskyauctioneer.com,Laphroaig 1967 Samaroli 15 Year Old Sherry Wood / Silver Cap,318906,32500,Laphroaig,15 Year Old,1967,Islay,R.W. Duthie for Samaroli,Sherry Wood,57%,75cl,Operational,Winning Bid,11.01.21,https://web-whisky-live.s3-eu-west-1.amazonaws.com/s3fs-public/styles/uc_product_full/public/IMG_4272_24.JPG?itok=OekjdtFb,https://whiskyauctioneer.com/december-2020-auction
whiskyauctioneer.com,Karuizawa 1965 Single Sherry Cask 50 Year Old #2372 / LMDW,318368,29000,Karuizawa,50 Year Old,1965,Japan,Number One Drinks,Sherry,62.3%,70cl,Closed,Winning Bid,11.01.21,https://web-whisky-live.s3-eu-west-1.amazonaws.com/s3fs-public/styles/uc_product_full/public/IMG_4297_22.JPG?itok=993SA9gI,https://whiskyauctioneer.com/december-2020-auction
whiskyauctioneer.com,Bowmore 1965 Oloroso Sherry Cask 52 Year Old,323486,27000,Bowmore,52 Year Old,1965,Islay,Official,Oloroso Sherry Cask,42%,70cl,Operational,Winning Bid,11.01.21,https://web-whisky-live.s3-eu-west-1.amazonaws.com/s3fs-public/styles/uc_product_full/public/IMG_9829_65.JPG?itok=06BqUCEp,https://whiskyauctioneer.com/december-2020-auction
whiskyauctioneer.com,Hanyu 1985 Ichiro's Malt 'Card' #9308 / 2nd Ace of Spades,316803,26000,Hanyu,,1985,Japan,Official,see lot description,55%,70cl,Closed,Winning Bid,11.01.21,https://web-whisky-live.s3-eu-west-1.amazonaws.com/s3fs-public/styles/uc_product_full/public/IMG_6286_24.JPG?itok=H9Hdvd3h,https://whiskyauctioneer.com/december-2020-auction
whiskyauctioneer.com,Hanyu 1985 Ichiro's Malt 'Card' #9308 / 2nd Ace of Spades,317179,24000,Hanyu,,1985,Japan,Official,see lot description,55%,70cl,Closed,Winning Bid,11.01.21,https://web-whisky-live.s3-eu-west-1.amazonaws.com/s3fs-public/styles/uc_product_full/public/IMG_0171_166_0_0.JPG?itok=Spzb8x-R,https://whiskyauctioneer.com/december-2020-auction
whiskyauctioneer.com,Hanyu 1988 Ichiro's Malt 'Card' #7003 / Queen of Clubs,317165,20000,Hanyu,,1988,Japan,Official,,56%,70cl,Closed,Winning Bid,11.01.21,https://web-whisky-live.s3-eu-west-1.amazonaws.com/s3fs-public/styles/uc_product_full/public/IMG_0460_100_0_0_0_0_0.JPG?itok=2IUHG7H_,https://whiskyauctioneer.com/december-2020-auction
whiskyauctioneer.com,Hanyu 2000 Ichiro's Malt 'Card' #9500 / Two of Clubs,316806,20000,Hanyu,,2000,Japan,Official,,57%,70cl,Closed,Winning Bid,11.01.21,https://web-whisky-live.s3-eu-west-1.amazonaws.com/s3fs-public/styles/uc_product_full/public/IMG_6254_28.JPG?itok=Kd2J7ZQt,https://whiskyauctioneer.com/december-2020-auction
whiskyauctioneer.com,Glenfarclas 1952 Family Cask #1712 / Release I,316706,18000,Glenfarclas,,1952,Speyside,Official,plain hogshead,56.5%,70cl,Operational,Winning Bid,11.01.21,https://web-whisky-live.s3-eu-west-1.amazonaws.com/s3fs-public/styles/uc_product_full/public/316706-001.jpg?itok=suNgxUr2,https://whiskyauctioneer.com/december-2020-auction
whiskyauctioneer.com,Macallan 40 Year Old The Red Collection,310528,18000,Macallan,40 year old,,Speyside,Official,sherry wood,48.1%,70cl,Operational,Winning Bid,11.01.21,https://web-whisky-live.s3-eu-west-1.amazonaws.com/s3fs-public/styles/uc_product_full/public/DSC00002_1.JPG?itok=BBwnn26U,https://whiskyauctioneer.com/december-2020-auction
whiskyauctioneer.com,Macallan 40 Year Old The Red Collection,320033,18000,Macallan,40 year old,,Speyside,Official,sherry wood,48.1%,70cl,Operational,Winning Bid,11.01.21,https://web-whisky-live.s3-eu-west-1.amazonaws.com/s3fs-public/styles/uc_product_full/public/IMG_9888_94.JPG?itok=aEgysg8R,https://whiskyauctioneer.com/december-2020-auction
whiskyauctioneer.com,Macallan 40 Year Old The Red Collection,320835,18000,Macallan,40 year old,,Speyside,Official,sherry wood,48.1%,70cl,Operational,Winning Bid,11.01.21,https://web-whisky-live.s3-eu-west-1.amazonaws.com/s3fs-public/styles/uc_product_full/public/IMG_9888_95.JPG?itok=-wJlFVJu,https://whiskyauctioneer.com/december-2020-auction
whiskyauctioneer.com,Karuizawa 29 Year Old Single Sherry Cask / Murasaki Geisha,317942,17000,Karuizawa,29 Year Old,,Japan,Elixir Distillers,Sherry,58.4%,70cl,Closed,Winning Bid,11.01.21,https://web-whisky-live.s3-eu-west-1.amazonaws.com/s3fs-public/styles/uc_product_full/public/317942-001.jpg?itok=hDePxckl,https://whiskyauctioneer.com/december-2020-auction
whiskyauctioneer.com,Macallan 40 Year Old 2016 Release,320056,17000,Macallan,40 Year Old,,Speyside,Official,Sherry Wood,45%,70cl,Operational,Winning Bid,11.01.21,https://web-whisky-live.s3-eu-west-1.amazonaws.com/s3fs-public/styles/uc_product_full/public/IMG_6960_10.jpg?itok=WWI2LrmM,https://whiskyauctioneer.com/december-2020-auction
whiskyauctioneer.com,Macallan 40 Year Old 2016 Release,323314,17000,Macallan,40 Year Old,,Speyside,Official,Sherry Wood,45%,70cl,Operational,Winning Bid,11.01.21,https://web-whisky-live.s3-eu-west-1.amazonaws.com/s3fs-public/styles/uc_product_full/public/DSC00100_0_0.jpg?itok=SU5XVQbo,https://whiskyauctioneer.com/december-2020-auction
whiskyauctioneer.com,Springbank 1919 50 Year Old,320115,17000,Springbank,50 year old,1919,Campbeltown,Official,,66.3 proof,26 2/3 fl oz,Operational,Winning Bid,11.01.21,https://web-whisky-live.s3-eu-west-1.amazonaws.com/s3fs-public/styles/uc_product_full/public/IMG_6568_26.JPG?itok=MTKDMnwK,https://whiskyauctioneer.com/december-2020-auction
whiskyauctioneer.com,Laphroaig 1970 Samaroli 14 Year Old / Osteria Apostoli,319637,16000,Laphroaig,14 year old,1970,Islay,R.W. Duthie for Samaroli,,57.1%,75cl,Operational,Winning Bid,11.01.21,https://web-whisky-live.s3-eu-west-1.amazonaws.com/s3fs-public/styles/uc_product_full/public/IMG_6141_24.JPG?itok=5uIE0v5l,https://whiskyauctioneer.com/december-2020-auction
whiskyauctioneer.com,Glenlivet 1955 Samaroli / Handwritten Labels,318971,15500,Glenlivet,,1955,Islay,R.W. Duthie for Samaroli,,43%,75cl,Operational,Winning Bid,11.01.21,https://web-whisky-live.s3-eu-west-1.amazonaws.com/s3fs-public/styles/uc_product_full/public/IMG_4391_22.JPG?itok=heM0K-_l,https://whiskyauctioneer.com/december-2020-auction
whiskyauctioneer.com,Hanyu 1985 Ichiro's Malt 'Card' #9004 / Ace of Hearts,317178,15000,Hanyu,,1985,Japan,Official,Spanish Oak Sherry Butt,56%,70cl,Closed,Winning Bid,11.01.21,https://web-whisky-live.s3-eu-west-1.amazonaws.com/s3fs-public/styles/uc_product_full/public/IMG_0153_162_0_0.JPG?itok=uyZnioU6,https://whiskyauctioneer.com/december-2020-auction
whiskyauctioneer.com,Laphroaig 1970 Samaroli,321360,14500,Laphroaig,,1970,Islay,R.W. Duthie for Samaroli,,54%,75cl,Operational,Winning Bid,11.01.21,https://web-whisky-live.s3-eu-west-1.amazonaws.com/s3fs-public/styles/uc_product_full/public/IMG_8188_35.JPG?itok=0Q4peUBd,https://whiskyauctioneer.com/december-2020-auction
whiskyauctioneer.com,Bowmore 1964 White Bowmore 43 Year Old,323186,14000,Bowmore,43 Year Old,1964,Islay,Official,Bourbon Casks,42.8%,70cl,Operational,Winning Bid,11.01.21,https://web-whisky-live.s3-eu-west-1.amazonaws.com/s3fs-public/styles/uc_product_full/public/IMG_9747_67.JPG?itok=tf_EfxyI,https://whiskyauctioneer.com/december-2020-auction
whiskyauctioneer.com,Karuizawa 1967 Single Cask #6426 / TWE 10th Anniversary,322715,14000,Karuizawa,,1969,Japan,Official,Sherry,58.4%,70cl,Closed,Winning Bid,11.01.21,https://web-whisky-live.s3-eu-west-1.amazonaws.com/s3fs-public/styles/uc_product_full/public/IMG_0067_238.JPG?itok=Vg9_VTkz,https://whiskyauctioneer.com/december-2020-auction
whiskyauctioneer.com,Ardbeg 1965,319905,13500,Ardbeg,39 Year Old,1965,Islay,Official,,42.1%,70cl,Operational,Winning Bid,11.01.21,https://web-whisky-live.s3-eu-west-1.amazonaws.com/s3fs-public/styles/uc_product_full/public/IMG_6967_11.jpg?itok=tpctG-FO,https://whiskyauctioneer.com/december-2020-auction
whiskyauctioneer.com,Springbank 12 Year Old Sherry Cask 1980s / Samaroli Import,320110,13165,Springbank,12 Year Old,,Campbeltown,Official for Samaroli,Sherry,57.1%,75cl,Operational,Winning Bid,11.01.21,https://web-whisky-live.s3-eu-west-1.amazonaws.com/s3fs-public/styles/uc_product_full/public/IMG_6548_29.JPG?itok=RgVd2Gr7,https://whiskyauctioneer.com/december-2020-auction
whiskyauctioneer.com,Karuizawa 1983 & 1982 Honor Sumo 2 x 70cl,323053,13000,Karuizawa,,1982 & 1983,Japan,Official,Sherry Butt,58.4%,2 x 70cl,Closed,Winning Bid,11.01.21,https://web-whisky-live.s3-eu-west-1.amazonaws.com/s3fs-public/styles/uc_product_full/public/IMG_9947_91.JPG?itok=jo3UaI3h,https://whiskyauctioneer.com/december-2020-auction
whiskyauctioneer.com,Yamazaki 1979 Mizunara Butt 29 Year Old #RF1037,318370,13000,Yamazaki,29 Year Old,1979,Japan,Official,Mizunara Butt,55%,70cl,Operational,Winning Bid,11.01.21,https://web-whisky-live.s3-eu-west-1.amazonaws.com/s3fs-public/styles/uc_product_full/public/IMG_4263_23.JPG?itok=tmnQ89Bj,https://whiskyauctioneer.com/december-2020-auction
whiskyauctioneer.com,Hanyu 1991 Ichiro's Malt 'Card' #9001 / 2nd Jack of Clubs,317148,12000,Hanyu,,1991,Japan,Official,,56%,70cl,Closed,Winning Bid,11.01.21,https://web-whisky-live.s3-eu-west-1.amazonaws.com/s3fs-public/styles/uc_product_full/public/IMG_0160_156_0_0.JPG?itok=vcewKuHX,https://whiskyauctioneer.com/december-2020-auction
whiskyauctioneer.com,Karuizawa 1977 Single Sherry Cask 40 Year Old #4139,322257,11500,Karuizawa,40 Year Old,1977,Japan,Official,Sherry Butt,64.9%,70cl,Closed,Winning Bid,11.01.21,https://web-whisky-live.s3-eu-west-1.amazonaws.com/s3fs-public/styles/uc_product_full/public/IMG_3402_35.JPG?itok=frdhN5zy,https://whiskyauctioneer.com/december-2020-auction
whiskyauctioneer.com,Hanyu 2000 Ichiro's Malt 'Card' #9523 / Ace of Clubs,317172,11000,Hanyu,,2000,Japan,Official,,59.4%,70cl,Closed,Winning Bid,11.01.21,https://web-whisky-live.s3-eu-west-1.amazonaws.com/s3fs-public/styles/uc_product_full/public/IMG_0456_99_0_0_0_0_0.JPG?itok=xSa8fHQd,https://whiskyauctioneer.com/december-2020-auction
whiskyauctioneer.com,Karuizawa 1967 Single Cask #6426 / LMDW,320628,11000,Karuizawa,,1969,Japan,Official,Sherry,58.4%,70cl,Closed,Winning Bid,11.01.21,https://web-whisky-live.s3-eu-west-1.amazonaws.com/s3fs-public/styles/uc_product_full/public/IMG_8488_30.JPG?itok=aOMzBjVZ,https://whiskyauctioneer.com/december-2020-auction
whiskyauctioneer.com,Springbank 50 Year Old Millennium Limited Edition,320143,11000,Springbank,50 Year Old,,Campbeltown,Official,,40.5%,70cl,Operational,Winning Bid,11.01.21,https://web-whisky-live.s3-eu-west-1.amazonaws.com/s3fs-public/styles/uc_product_full/public/320143-001.jpg?itok=zFlNsd_A,https://whiskyauctioneer.com/december-2020-auction
whiskyauctioneer.com,Caol Ila 1969 Gordon and MacPhail Cask Strength Celtic Label / Meregalli Import,320245,10500,Caol Ila,,1985,Islay,Gordon & MacPhail,,59.9%,75cl,Operational,Winning Bid,11.01.21,https://web-whisky-live.s3-eu-west-1.amazonaws.com/s3fs-public/styles/uc_product_full/public/IMG_6241_28.JPG?itok=r-RNg_B7,https://whiskyauctioneer.com/december-2020-auction
whiskyauctioneer.com,Kyoto Cask Aged Dry Gin / Ghost Series #13,318516,10500,Kyoto,,,Japan,Official,,48%,70cl,Operational,Winning Bid,11.01.21,https://web-whisky-live.s3-eu-west-1.amazonaws.com/s3fs-public/styles/uc_product_full/public/IMG_5291_27.JPG?itok=92pq77GQ,https://whiskyauctioneer.com/december-2020-auction
whiskyauctioneer.com,Yamazaki 2020 Editions 5 x 70cl,318557,10500,Yamazaki,,,Japan,Official,,48%,5 x 70cl,Operational,Winning Bid,11.01.21,https://web-whisky-live.s3-eu-west-1.amazonaws.com/s3fs-public/styles/uc_product_full/public/IMG_6931_23.JPG?itok=hpSG72x0,https://whiskyauctioneer.com/december-2020-auction
whiskyauctioneer.com,Glenfarclas 1953 Family Cask #1678 / Release I,316693,10100,Glenfarclas,,1953,Speyside,Official,Sherry Butt,53.7%,70cl,Operational,Winning Bid,11.01.21,https://web-whisky-live.s3-eu-west-1.amazonaws.com/s3fs-public/styles/uc_product_full/public/316693-001.jpg?itok=wJhUch2j,https://whiskyauctioneer.com/december-2020-auction
whiskyauctioneer.com,Hanyu 2000 Ichiro's Malt 'Card' #7000 / Three of Spades,317138,10000,Hanyu,,2000,Japan,Official,,57%,70cl,Closed,Winning Bid,11.01.21,https://web-whisky-live.s3-eu-west-1.amazonaws.com/s3fs-public/styles/uc_product_full/public/IMG_0453_103_0_0_0_0.JPG?itok=5PKjfzGk,https://whiskyauctioneer.com/december-2020-auction
whiskyauctioneer.com,Bowmore 1966 Jack Wiebers 36 Year Old / Old Train Line,315549,6800,Bowmore,36 Year Old,1966,Islay,Jack Wiebers,,40.2%,70cl,Operational,Winning Bid,14.12.20,https://web-whisky-live.s3-eu-west-1.amazonaws.com/s3fs-public/styles/uc_product_full/public/IMG_0138_206.JPG?itok=hbO1qaNj,https://whiskyauctioneer.com/journey-discovery-european-bottlers-collection
whiskyauctioneer.com,Oban 1963 Moon Import / The Costumes,311268,4400,Oban,,1963,Highland,Moon Import,Hogshead,46%,75cl,Operational,Winning Bid,14.12.20,https://web-whisky-live.s3-eu-west-1.amazonaws.com/s3fs-public/styles/uc_product_full/public/IMG_0191_48.jpg?itok=Z-_QJHvZ,https://whiskyauctioneer.com/journey-discovery-european-bottlers-collection
whiskyauctioneer.com,Springbank 1965 Moon Import #367 / The Birds I,311253,4000,Springbank,,1965,Campbeltown,Moon Import,sherry butt,46%,75cl,Operational,Winning Bid,14.12.20,https://web-whisky-live.s3-eu-west-1.amazonaws.com/s3fs-public/styles/uc_product_full/public/IMG_0386_39.jpg?itok=QMjMsUdP,https://whiskyauctioneer.com/journey-discovery-european-bottlers-collection
whiskyauctioneer.com,Bowmore 1974 Moon Import / The Costumes,311220,3900,Bowmore,,1974,Islay,Moon Import,Hogshead,46%,75cl,Operational,Winning Bid,14.12.20,https://web-whisky-live.s3-eu-west-1.amazonaws.com/s3fs-public/styles/uc_product_full/public/IMG_0252_46.jpg?itok=2j7ghWKU,https://whiskyauctioneer.com/journey-discovery-european-bottlers-collection
whiskyauctioneer.com,Bowmore 1974 Moon Import / The Costumes,311211,3800,Bowmore,,1974,Islay,Moon Import,Hogshead,46%,75cl,Operational,Winning Bid,14.12.20,https://web-whisky-live.s3-eu-west-1.amazonaws.com/s3fs-public/styles/uc_product_full/public/IMG_0249_45.jpg?itok=l7nbbaH2,https://whiskyauctioneer.com/journey-discovery-european-bottlers-collection
whiskyauctioneer.com,Ardbeg 1974 Single Bourbon Cask 32 Year Old #3306 / Juul's Flight No.2 'Flying Turf',296329,3250,Ardbeg,32 Year Old,1974,Islay,Official,Bourbon,52.2%,70cl,Operational,Winning Bid,14.12.20,https://web-whisky-live.s3-eu-west-1.amazonaws.com/s3fs-public/styles/uc_product_full/public/IMG_9912_10.jpg?itok=veNGnFLS,https://whiskyauctioneer.com/journey-discovery-european-bottlers-collection
whiskyauctioneer.com,Convalmore 1962 Moon Import / The Costumes,311138,3100,Convalmore,,1962,Speyside,Moon Import,Hogshead,46%,75cl,Closed,Winning Bid,14.12.20,https://web-whisky-live.s3-eu-west-1.amazonaws.com/s3fs-public/styles/uc_product_full/public/IMG_0353_40.jpg?itok=BKN2vId-,https://whiskyauctioneer.com/journey-discovery-european-bottlers-collection
whiskyauctioneer.com,Glendronach 1971 Moon Import / The Birds II,311132,2700,Glendronach,,1971,Highland,Moon Import,,43%,75cl,Operational,Winning Bid,14.12.20,https://web-whisky-live.s3-eu-west-1.amazonaws.com/s3fs-public/styles/uc_product_full/public/IMG_0203_39.jpg?itok=HiCVPvEb,https://whiskyauctioneer.com/journey-discovery-european-bottlers-collection
whiskyauctioneer.com,Glen Moray 1959 Moon Import / The Costumes,311256,2600,Glen Moray,,1959,Speyside,Moon Import,,46%,75cl,Operational,Winning Bid,14.12.20,https://web-whisky-live.s3-eu-west-1.amazonaws.com/s3fs-public/styles/uc_product_full/public/IMG_0271_42.jpg?itok=iWvUER6-,https://whiskyauctioneer.com/journey-discovery-european-bottlers-collection
whiskyauctioneer.com,Glenkinchie 1966 Moon Import / The Costumes,310593,2600,Glenkinchie,,1969,Lowland,Moon Import,Hogshead,46%,75cl,Operational,Winning Bid,14.12.20,https://web-whisky-live.s3-eu-west-1.amazonaws.com/s3fs-public/styles/uc_product_full/public/IMG_0407_35.jpg?itok=5sdGBKw0,https://whiskyauctioneer.com/journey-discovery-european-bottlers-collection
whiskyauctioneer.com,Longrow 1973 Moon Import / The Birds II,298631,2600,Springbank,,1973,Campbeltown,Moon Import,,46%,75cl,Operational,Winning Bid,14.12.20,https://web-whisky-live.s3-eu-west-1.amazonaws.com/s3fs-public/styles/uc_product_full/public/IMG_0453_35.jpg?itok=ePRYMOev,https://whiskyauctioneer.com/journey-discovery-european-bottlers-collection
whiskyauctioneer.com,Macallan 1970 Moon Import / The Sea,310598,2550,Macallan,,1970,Speyside,Moon Import,Butt,46%,75cl,Operational,Winning Bid,14.12.20,https://web-whisky-live.s3-eu-west-1.amazonaws.com/s3fs-public/styles/uc_product_full/public/IMG_0362_44.jpg?itok=ctsm5-Df,https://whiskyauctioneer.com/journey-discovery-european-bottlers-collection
whiskyauctioneer.com,Glen Keith 1967 Moon Import / The Sea,298652,2501,Glen Keith,,1967,Speyside,Moon Import,,46%,75cl,Operational,Winning Bid,14.12.20,https://web-whisky-live.s3-eu-west-1.amazonaws.com/s3fs-public/styles/uc_product_full/public/IMG_0297_45.jpg?itok=B7FJILwT,https://whiskyauctioneer.com/journey-discovery-european-bottlers-collection
whiskyauctioneer.com,Glen Mhor 1966 Moon Import / The Costumes,311205,2500,Glen Mhor,,1966,Highland,Moon Import,Hogshead,46%,75cl,Closed,Winning Bid,14.12.20,https://web-whisky-live.s3-eu-west-1.amazonaws.com/s3fs-public/styles/uc_product_full/public/IMG_0246_48.jpg?itok=2R-Ba7s_,https://whiskyauctioneer.com/journey-discovery-european-bottlers-collection
whiskyauctioneer.com,Bowmore 1974 Moon Import / The Birds II,311196,2420,Bowmore,,1974,Islay,Moon Import,hogshead,43%,75cl,Operational,Winning Bid,14.12.20,https://web-whisky-live.s3-eu-west-1.amazonaws.com/s3fs-public/styles/uc_product_full/public/IMG_0240_53.jpg?itok=3xoSn-LE,https://whiskyauctioneer.com/journey-discovery-european-bottlers-collection
whiskyauctioneer.com,Port Ellen 1982 Gentle Noses 22 Year Old / The Red Monarch,310376,2367,Port Ellen,22 year old,1982,Islay,Jumping Jack,very dark sherry,62.2%,70cl,Closed,Winning Bid,14.12.20,https://web-whisky-live.s3-eu-west-1.amazonaws.com/s3fs-public/styles/uc_product_full/public/IMG_9977_5.jpg?itok=tJebWiY4,https://whiskyauctioneer.com/journey-discovery-european-bottlers-collection
whiskyauctioneer.com,Lochside 1966 Jack Wiebers 40 Year Old Single Grain / Old Train Line,296472,2100,Lochside,40 year old,1966,Highland,Jack Wiebers,bourbon,46.1%,70cl,Closed,Winning Bid,14.12.20,https://web-whisky-live.s3-eu-west-1.amazonaws.com/s3fs-public/styles/uc_product_full/public/IMG_9979_5.jpg?itok=eACt402k,https://whiskyauctioneer.com/journey-discovery-european-bottlers-collection
whiskyauctioneer.com,Longmorn 1966 Jack Wiebers 36 Year Old / Old Train Line,296478,2004,Longmorn,36 year old,1966,Speyside,Jack Wiebers,sherry,50.8%,70cl,Operational,Winning Bid,14.12.20,https://web-whisky-live.s3-eu-west-1.amazonaws.com/s3fs-public/styles/uc_product_full/public/296477-001.jpg?itok=YY7xKF7z,https://whiskyauctioneer.com/journey-discovery-european-bottlers-collection
whiskyauctioneer.com,Bowmore 1980 Moon Import / The Birds II,311100,2000,Bowmore,,1980,Islay,Moon Import,hogshead,43%,75cl,Operational,Winning Bid,14.12.20,https://web-whisky-live.s3-eu-west-1.amazonaws.com/s3fs-public/styles/uc_product_full/public/IMG_0222_43.jpg?itok=FklLXFel,https://whiskyauctioneer.com/journey-discovery-european-bottlers-collection
whiskyauctioneer.com,Longmorn 1968 Jack Wiebers 35 Year Old / Old Train Line,296445,2000,Longmorn,35 year old,1968,Speyside,Jack Wiebers,Dark Sherry,52.5%,70cl,Operational,Winning Bid,14.12.20,https://web-whisky-live.s3-eu-west-1.amazonaws.com/s3fs-public/styles/uc_product_full/public/IMG_9969_6.jpg?itok=ZHCfHKDx,https://whiskyauctioneer.com/journey-discovery-european-bottlers-collection
whiskyauctioneer.com,Longmorn 1974 Moon Import / The Sea,310595,2000,Longmorn,,1974,Speyside,Moon Import,,46%,75cl,Operational,Winning Bid,14.12.20,https://web-whisky-live.s3-eu-west-1.amazonaws.com/s3fs-public/styles/uc_product_full/public/IMG_0403_39.jpg?itok=lQA_CP9d,https://whiskyauctioneer.com/journey-discovery-european-bottlers-collection
whiskyauctioneer.com,Port Ellen 1982 Jack Wiebers 20 Year Old / Old Train Line,310149,1950,Port Ellen,20 Year Old,1982,Islay,Jack Wiebers,very dark Sherry Cask,61.2%,70cl,Closed,Winning Bid,14.12.20,https://web-whisky-live.s3-eu-west-1.amazonaws.com/s3fs-public/styles/uc_product_full/public/IMG_0371_43.jpg?itok=Gg8S0B2x,https://whiskyauctioneer.com/journey-discovery-european-bottlers-collection
whiskyauctioneer.com,Strathisla 1989 High Spirits 15 Year Old Sherry Wood / Memories,310866,1850,Strathisla,15 Year Old,1989,Speyside,High Spirits,sherry wood,46%,70cl,Operational,Winning Bid,14.12.20,https://web-whisky-live.s3-eu-west-1.amazonaws.com/s3fs-public/styles/uc_product_full/public/IMG_0283_44.jpg?itok=2zTF_Tp5,https://whiskyauctioneer.com/journey-discovery-european-bottlers-collection
whiskyauctioneer.com,Tamnavulin 20 Year Old Sherry Wood / Moon Import,300480,1850,Tamnavulin,20 Year Old,,Speyside,Official for Moon Import,Sherry Wood,46%,75cl,Operational,Winning Bid,14.12.20,https://web-whisky-live.s3-eu-west-1.amazonaws.com/s3fs-public/styles/uc_product_full/public/IMG_0371_42.jpg?itok=Z6gKTUpm,https://whiskyauctioneer.com/journey-discovery-european-bottlers-collection
whiskyauctioneer.com,Jura 1975 Moon Import / The Animals,298638,1800,Jura,,1975,Island,Moon Import,Hogshead,60.2%,70cl,Operational,Winning Bid,14.12.20,https://web-whisky-live.s3-eu-west-1.amazonaws.com/s3fs-public/styles/uc_product_full/public/IMG_0301_36.jpg?itok=JiC_ttRu,https://whiskyauctioneer.com/journey-discovery-european-bottlers-collection
whiskyauctioneer.com,Longrow 1987 Samaroli & Moon Import / Dreams,296703,1701,Springbank,,1987,Campbeltown,Samaroli & Moon Import,,45%,70cl,Operational,Winning Bid,14.12.20,https://web-whisky-live.s3-eu-west-1.amazonaws.com/s3fs-public/styles/uc_product_full/public/IMG_0368_45.jpg?itok=zNxzukW9,https://whiskyauctioneer.com/journey-discovery-european-bottlers-collection
whiskyauctioneer.com,Bruichladdich 1968 Moon Import / De Viris Illustribus,315601,1650,Bruichladdich,,1968,Islay,Moon Import,,42%,70cl,Operational,Winning Bid,14.12.20,https://web-whisky-live.s3-eu-west-1.amazonaws.com/s3fs-public/styles/uc_product_full/public/IMG_0268_40.jpg?itok=9FrEHdXi,https://whiskyauctioneer.com/journey-discovery-european-bottlers-collection
whiskyauctioneer.com,Laphroaig 1998 Wilson and Morgan 20 Year Old Decanter,318392,1650,Laphroaig,20 Year Old,1998,Islay,Wilson & Morgan,px sherry finish,54.6%,70cl,Operational,Winning Bid,14.12.20,https://web-whisky-live.s3-eu-west-1.amazonaws.com/s3fs-public/styles/uc_product_full/public/IMG_0545_34.jpg?itok=fr_CnPNw,https://whiskyauctioneer.com/journey-discovery-european-bottlers-collection
whiskyauctioneer.com,Strathisla 1963 Jack Wiebers 40 Year Old / Old Train Line,296228,1650,Strathisla,40 year old,1963,Speyside,Jack Wiebers,dark sherry,57.7%,70cl,Operational,Winning Bid,14.12.20,https://web-whisky-live.s3-eu-west-1.amazonaws.com/s3fs-public/styles/uc_product_full/public/296228-001_0.jpg?itok=0oUuJj3f,https://whiskyauctioneer.com/journey-discovery-european-bottlers-collection
whiskyauctioneer.com,Glen Ord 1965 Jack Wiebers 39 Year Old / Old Train Line,296470,1550,Glen Ord,39 Years Old,1965,Highland,Jack Wiebers,bourbon,41%,70cl,Operational,Winning Bid,14.12.20,https://web-whisky-live.s3-eu-west-1.amazonaws.com/s3fs-public/styles/uc_product_full/public/IMG_9972_6.jpg?itok=hv6Q4en8,https://whiskyauctioneer.com/journey-discovery-european-bottlers-collection
whiskyauctioneer.com,Ardbeg 1974 Moon Import / The Sails in the Wind,311064,1500,Ardbeg,,1974,Islay,Moon Import,2 x Hogsheads,46%,70cl,Operational,Winning Bid,14.12.20,https://web-whisky-live.s3-eu-west-1.amazonaws.com/s3fs-public/styles/uc_product_full/public/IMG_0206_44.jpg?itok=DpLuChA8,https://whiskyauctioneer.com/journey-discovery-european-bottlers-collection
whiskyauctioneer.com,Ben Nevis 1970 Moon Import / The Sea,298640,1500,Ben Nevis,,1970,Highland,Moon Import,Butt,46%,75cl,Operational,Winning Bid,14.12.20,https://web-whisky-live.s3-eu-west-1.amazonaws.com/s3fs-public/styles/uc_product_full/public/IMG_0459_37.jpg?itok=RyiN0o5R,https://whiskyauctioneer.com/journey-discovery-european-bottlers-collection
whiskyauctioneer.com,Speyburn 1967 Moon Import / The Sea,310599,1450,Speyburn,,1967,Speyside,Moon Import,Hogshead,46%,75cl,Operational,Winning Bid,14.12.20,https://web-whisky-live.s3-eu-west-1.amazonaws.com/s3fs-public/styles/uc_product_full/public/IMG_0410_36.jpg?itok=iOxxuALm,https://whiskyauctioneer.com/journey-discovery-european-bottlers-collection
whiskyauctioneer.com,Highland Park 1975 Moon Import / The Animals,298633,1400,Highland Park,,1975,Island,Moon Import,Hogshead,53.2%,70cl,Operational,Winning Bid,14.12.20,https://web-whisky-live.s3-eu-west-1.amazonaws.com/s3fs-public/styles/uc_product_full/public/IMG_0456_38.jpg?itok=NHMVO6BO,https://whiskyauctioneer.com/journey-discovery-european-bottlers-collection
whiskyauctioneer.com,Inchgower 1967 Moon Import / The Costumes,311265,1400,Inchgower,,1967,Highland,Moon Import,Butt,46%,75cl,Operational,Winning Bid,14.12.20,https://web-whisky-live.s3-eu-west-1.amazonaws.com/s3fs-public/styles/uc_product_full/public/IMG_0274_44.jpg?itok=FUI45cZG,https://whiskyauctioneer.com/journey-discovery-european-bottlers-collection
whiskyauctioneer.com,Linkwood 1969 Moon Import / The Costumes,311238,1400,Linkwood,,1969,Speyside,Moon Import,Hogshead,46%,75cl,Operational,Winning Bid,14.12.20,https://web-whisky-live.s3-eu-west-1.amazonaws.com/s3fs-public/styles/uc_product_full/public/IMG_0265_47.jpg?itok=KoM_s4YA,https://whiskyauctioneer.com/journey-discovery-european-bottlers-collection
whiskyauctioneer.com,Lagavulin 1988 Moon Import #2032 / In the Pink,315319,1367,Lagavulin,,1988,Islay,Moon Import,,46%,70cl,Operational,Winning Bid,14.12.20,https://web-whisky-live.s3-eu-west-1.amazonaws.com/s3fs-public/styles/uc_product_full/public/IMG_0558_34.jpg?itok=qDpfthaR,https://whiskyauctioneer.com/journey-discovery-european-bottlers-collection
whiskyauctioneer.com,Port Ellen 1983 Moon Import / Dovr-Toutes-Mares,310581,1353,Port Ellen,,1983,Islay,Moon Import,,50%,70cl,Closed,Winning Bid,14.12.20,https://web-whisky-live.s3-eu-west-1.amazonaws.com/s3fs-public/styles/uc_product_full/public/IMG_0434_35.jpg?itok=znN0iY26,https://whiskyauctioneer.com/journey-discovery-european-bottlers-collection
whiskyauctioneer.com,Linkwood 1979 Moon Import / The Sails in the Wind,311091,1350,Linkwood,,1979,Speyside,Moon Import,Butt,46%,70cl,Operational,Winning Bid,14.12.20,https://web-whisky-live.s3-eu-west-1.amazonaws.com/s3fs-public/styles/uc_product_full/public/IMG_0228_49.jpg?itok=SKr9cuFf,https://whiskyauctioneer.com/journey-discovery-european-bottlers-collection
whiskyauctioneer.com,Port Ellen 1981 Moon Import / The Sails in the Wind,298628,1252,Port Ellen,,1981,Islay,Moon Import,2 x Hogsheads,46%,70cl,Closed,Winning Bid,14.12.20,https://web-whisky-live.s3-eu-west-1.amazonaws.com/s3fs-public/styles/uc_product_full/public/IMG_0283_43.jpg?itok=n1sR3Zmo,https://whiskyauctioneer.com/journey-discovery-european-bottlers-collection
whiskyauctioneer.com,Macallan 78 Year Old The Red Collection,310541,68000,Macallan,78 year old,,Speyside,Official,,42.2%,70cl,Operational,Winning Bid,07.12.20,https://web-whisky-live.s3-eu-west-1.amazonaws.com/s3fs-public/styles/uc_product_full/public/DSC00167.JPG?itok=KBxc5Fdx,https://whiskyauctioneer.com/november-2020-auction
whiskyauctioneer.com,Macallan 72 Year Old Lalique Genesis Decanter,307377,60000,Macallan,72 year old,,Speyside,Official,,42%,70cl,Operational,Winning Bid,07.12.20,https://web-whisky-live.s3-eu-west-1.amazonaws.com/s3fs-public/styles/uc_product_full/public/DSC00094.jpg?itok=lGNvFXkP,https://whiskyauctioneer.com/november-2020-auction
whiskyauctioneer.com,Macallan 52 Year Old 2018 Release,307349,50000,Macallan,52 year old,,Speyside,Official,1st fill European Oak Sherry Cask,48%,70cl,Operational,Winning Bid,07.12.20,https://web-whisky-live.s3-eu-west-1.amazonaws.com/s3fs-public/styles/uc_product_full/public/DSC00107.jpg?itok=Pu2q40J_,https://whiskyauctioneer.com/november-2020-auction
whiskyauctioneer.com,Macallan 50 Year Old 2018 Release,307643,48000,Macallan,50 year old,,Speyside,Official,European Oak Sherry Casks,44%,70cl,Operational,Winning Bid,07.12.20,https://web-whisky-live.s3-eu-west-1.amazonaws.com/s3fs-public/styles/uc_product_full/public/IMG_9218_35.JPG?itok=68r4DXDx,https://whiskyauctioneer.com/november-2020-auction
whiskyauctioneer.com,Macallan 65 Year Old Lalique Six Pillars Collection,312198,46000,Macallan,65 year old,,Speyside,Official,sherry wood,46.3%,70cl,Operational,Winning Bid,07.12.20,https://web-whisky-live.s3-eu-west-1.amazonaws.com/s3fs-public/styles/uc_product_full/public/DSC00075_1.JPG?itok=VVqYL8VJ,https://whiskyauctioneer.com/november-2020-auction
whiskyauctioneer.com,Hibiki 35 Year Old Arita Decanter,314691,23000,,35 Year Old,,Japan,Suntory,,47%,70cl,Operational,Winning Bid,07.12.20,https://web-whisky-live.s3-eu-west-1.amazonaws.com/s3fs-public/styles/uc_product_full/public/IMG_0097_206_0.JPG?itok=-C34TXj2,https://whiskyauctioneer.com/november-2020-auction
whiskyauctioneer.com,Hibiki 35 Year Old Kutani Decanter,314692,23000,,35 Year Old,,Japan,Official,,47%,70cl,Operational,Winning Bid,07.12.20,https://web-whisky-live.s3-eu-west-1.amazonaws.com/s3fs-public/styles/uc_product_full/public/IMG_0091_204_0.JPG?itok=uKbFNMNC,https://whiskyauctioneer.com/november-2020-auction
whiskyauctioneer.com,Balvenie 1963 Single Cask 50 Year Old #4567,312178,22000,Balvenie,50 Years Old,1963,Speyside,Official,,45.4%,70cl,Operational,Winning Bid,07.12.20,https://web-whisky-live.s3-eu-west-1.amazonaws.com/s3fs-public/styles/uc_product_full/public/IMG_2395_39_0_0_0_1_0.JPG?itok=yG_pAI5N,https://whiskyauctioneer.com/november-2020-auction
whiskyauctioneer.com,Macallan 1967 Fine and Rare 35 Year Old #1195,307914,20000,Macallan,35 Year Old,1965,Speyside,Official,1st fill sherry butt,55.9%,70cl,Operational,Winning Bid,07.12.20,https://web-whisky-live.s3-eu-west-1.amazonaws.com/s3fs-public/styles/uc_product_full/public/IMG_6857_8.jpg?itok=UPWbF39C,https://whiskyauctioneer.com/november-2020-auction
whiskyauctioneer.com,Macallan 40 Year Old The Red Collection,307458,20000,Macallan,40 year old,,Speyside,Official,sherry wood,48.1%,70cl,Operational,Winning Bid,07.12.20,https://web-whisky-live.s3-eu-west-1.amazonaws.com/s3fs-public/styles/uc_product_full/public/IMG_9772_61.JPG?itok=s14Zb0U7,https://whiskyauctioneer.com/november-2020-auction
whiskyauctioneer.com,Macallan 40 Year Old The Red Collection,313971,19000,Macallan,40 year old,,Speyside,Official,sherry wood,48.1%,70cl,Operational,Winning Bid,07.12.20,https://web-whisky-live.s3-eu-west-1.amazonaws.com/s3fs-public/styles/uc_product_full/public/IMG_9502_8.jpg?itok=uj2M7ldb,https://whiskyauctioneer.com/november-2020-auction
whiskyauctioneer.com,1 Bunnahabhain 2010 Sherry Hogshead #901248 / Cask in storage at Whiskybroker,314182,15501,Bunnahabhain,10 year old,2010,Islay,Still in cask,sherry hogshead,66.10% as of 8/7/2020,225.10 bulk Litre as of 8/7/2020,Operational,Winning Bid,07.12.20,https://web-whisky-live.s3-eu-west-1.amazonaws.com/s3fs-public/styles/uc_product_full/public/Bunnahabhain%20Cask%201120-01_0.jpg?itok=e7WjO6XU,https://whiskyauctioneer.com/november-2020-auction
whiskyauctioneer.com,Ardbeg 1967 Kingsbury 29 Year Old #922,312673,14500,Ardbeg,29 Year Old,1967,Islay,Kingsbury,Ex-Sherry,54.6%,70cl,Operational,Winning Bid,07.12.20,https://web-whisky-live.s3-eu-west-1.amazonaws.com/s3fs-public/styles/uc_product_full/public/IMG_1027_90.JPG?itok=oIBG48wr,https://whiskyauctioneer.com/november-2020-auction
whiskyauctioneer.com,Karuizawa 1988 Trilogy 3 x 70cl / Finest Whisky Deluxe & Wealth Solutions,309757,14000,Karuizawa,,1988,Japan,Official,Sherry Casks,Various,3 x 70cl,Closed,Winning Bid,07.12.20,https://web-whisky-live.s3-eu-west-1.amazonaws.com/s3fs-public/styles/uc_product_full/public/IMG_0427_35.jpg?itok=Pno63b57,https://whiskyauctioneer.com/november-2020-auction
whiskyauctioneer.com,Karuizawa 38 Year Old Single Sherry Cask #4348 / Pearl Geisha,314021,13500,Karuizawa,38 Year Old,,Japan,Elixir Distillers,sherry,62.1%,70cl,Closed,Winning Bid,07.12.20,https://web-whisky-live.s3-eu-west-1.amazonaws.com/s3fs-public/styles/uc_product_full/public/IMG_9322_42.JPG?itok=67WN6DDB,https://whiskyauctioneer.com/november-2020-auction
whiskyauctioneer.com,Karuizawa 1975 Single Sherry Cask 40 Year Old #6890,314514,11500,Karuizawa,40 Year Old,1975,Japan,Official,Sherry Butt,56.9%,70cl,Closed,Winning Bid,07.12.20,https://web-whisky-live.s3-eu-west-1.amazonaws.com/s3fs-public/styles/uc_product_full/public/IMG_4537_15_0_0_0_0.JPG?itok=6QnmJ_Le,https://whiskyauctioneer.com/november-2020-auction
whiskyauctioneer.com,Karuizawa 1981 Single Sherry Cask 35 Year Old #6412 / Fazzino,314491,8005,Karuizawa,35 Year Old,1981,Japan,Official,Sherry Cask,57.7%,70cl,Closed,Winning Bid,07.12.20,https://web-whisky-live.s3-eu-west-1.amazonaws.com/s3fs-public/styles/uc_product_full/public/IMG_6166_21_0.JPG?itok=tjz0rPKr,https://whiskyauctioneer.com/november-2020-auction
whiskyauctioneer.com,Ardbeg 1974 Kingsbury 18 Year Old #3345,312686,7600,Ardbeg,18 Year Old,1974,Islay,Kingsbury,Ex-Sherry butt,58.3%,70cl,Operational,Winning Bid,07.12.20,https://web-whisky-live.s3-eu-west-1.amazonaws.com/s3fs-public/styles/uc_product_full/public/IMG_1043_65.JPG?itok=VNqCyPid,https://whiskyauctioneer.com/november-2020-auction
whiskyauctioneer.com,Karuizawa 1973 Single Cask 39 Year Old #1607,306377,7600,Karuizawa,39 Year Old,1973,Japan,Official,Sherry Cask,67.7%,70cl,Closed,Winning Bid,07.12.20,https://web-whisky-live.s3-eu-west-1.amazonaws.com/s3fs-public/styles/uc_product_full/public/IMG_7137_9.jpg?itok=yzD_t3Qt,https://whiskyauctioneer.com/november-2020-auction
whiskyauctioneer.com,Yamazaki 2020 Editions 5 x 70cl,313234,7400,Yamazaki,,,Japan,Official,,48%,5 x 70cl,Operational,Winning Bid,07.12.20,https://web-whisky-live.s3-eu-west-1.amazonaws.com/s3fs-public/styles/uc_product_full/public/IMG_6942_27.JPG?itok=LRFua5tK,https://whiskyauctioneer.com/november-2020-auction
whiskyauctioneer.com,Glenury Royal 1953 Cask Strength 50 Year Old,309534,7000,Glenury Royal,50 Year Old,1953,Highland,Official,,42.8%,70cl,Closed,Winning Bid,07.12.20,https://web-whisky-live.s3-eu-west-1.amazonaws.com/s3fs-public/styles/uc_product_full/public/DSC00166%20copy_0.jpg?itok=VslGz5eX,https://whiskyauctioneer.com/november-2020-auction
whiskyauctioneer.com,Karuizawa 1981 Single Sherry Cask 35 Year Old #6809 / Miyajima,314206,6500,Karuizawa,35 Year Old,1981,Japan,Official,Sherry Cask,58.5%,70cl,Closed,Winning Bid,07.12.20,https://web-whisky-live.s3-eu-west-1.amazonaws.com/s3fs-public/styles/uc_product_full/public/IMG_0074_245_0.JPG?itok=ABcm0mvw,https://whiskyauctioneer.com/november-2020-auction
whiskyauctioneer.com,Ardbeg 1979 Nisshoku 49cl,314074,6200,Ardbeg,,1979,Islay,Nisshoku,,43%,49cl,Operational,Winning Bid,07.12.20,https://web-whisky-live.s3-eu-west-1.amazonaws.com/s3fs-public/styles/uc_product_full/public/IMG_1185_68_0.JPG?itok=_y3Yinrp,https://whiskyauctioneer.com/november-2020-auction
whiskyauctioneer.com,Karuizawa 1972 Single Cask #7038,306191,6200,Karuizawa,,1972,Japan,Number One Drinks,,63.3%,70cl,Closed,Winning Bid,07.12.20,https://web-whisky-live.s3-eu-west-1.amazonaws.com/s3fs-public/styles/uc_product_full/public/IMG_8739_31_0.JPG?itok=QaJeBDd_,https://whiskyauctioneer.com/november-2020-auction
whiskyauctioneer.com,Karuizawa 1995 Noh Single Cask 12 Year Old #5004 / Kamiasobi Exclusive,306379,6200,Karuizawa,12 Years Old,1995,Japan,Official,Japanese Wine Cask,63.0%,70cl,Closed,Winning Bid,07.12.20,https://web-whisky-live.s3-eu-west-1.amazonaws.com/s3fs-public/styles/uc_product_full/public/IMG_9849_73.JPG?itok=PmSuGDQ2,https://whiskyauctioneer.com/november-2020-auction
whiskyauctioneer.com,Dalmore 1966 40 Year Old,309368,5800,Dalmore,40 Year Old,1966,Highland,,see lot description,40%,70cl,Operational,Winning Bid,07.12.20,https://web-whisky-live.s3-eu-west-1.amazonaws.com/s3fs-public/styles/uc_product_full/public/_DSC0232%20copy.jpg?itok=jJsG-V37,https://whiskyauctioneer.com/november-2020-auction
whiskyauctioneer.com,Karuizawa 1981 Noh Single Sherry Cask 31 Year Old #348 / Sweden & Norway,309978,5688,Karuizawa,31 Years Old,1981,Japan,Official,Sherry Butt,58.9%,70cl,Closed,Winning Bid,07.12.20,https://web-whisky-live.s3-eu-west-1.amazonaws.com/s3fs-public/styles/uc_product_full/public/DSC00181_1.jpg?itok=0g60GCLQ,https://whiskyauctioneer.com/november-2020-auction
whiskyauctioneer.com,Dalmore 1966 40 Year Old,307354,5600,Dalmore,40 Year Old,1966,Highland,,see lot description,40%,70cl,Operational,Winning Bid,07.12.20,https://web-whisky-live.s3-eu-west-1.amazonaws.com/s3fs-public/styles/uc_product_full/public/DSC00103.jpg?itok=hBzY1ynG,https://whiskyauctioneer.com/november-2020-auction
whiskyauctioneer.com,Karuizawa 1977 Daily Dram 31 Year Old 'Wait La Mazurka',313159,5400,Karuizawa,,1977,Japan,Number One Drinks,,62.7%,70cl,Closed,Winning Bid,07.12.20,https://web-whisky-live.s3-eu-west-1.amazonaws.com/s3fs-public/styles/uc_product_full/public/IMG_6730_33.JPG?itok=6vGjZ8A0,https://whiskyauctioneer.com/november-2020-auction
whiskyauctioneer.com,Bowmore 1964 Black Bowmore Final Edition,305825,5200,Bowmore,31 Year Old,1964,Islay,Official,Oloroso Sherry,49%,70cl,Operational,Winning Bid,07.12.20,https://web-whisky-live.s3-eu-west-1.amazonaws.com/s3fs-public/styles/uc_product_full/public/IMG_0087_209_0.JPG?itok=kXP0uX3i,https://whiskyauctioneer.com/november-2020-auction
whiskyauctioneer.com,Eagle Rare 20 Year Old Double Eagle Very Rare 2019 Release,305633,5200,Buffalo Trace,20 Year Old,,Kentucky USA,Official,,90 US Proof / 45%,75cl,Operational,Winning Bid,07.12.20,https://web-whisky-live.s3-eu-west-1.amazonaws.com/s3fs-public/styles/uc_product_full/public/IMG_5784_18.JPG?itok=IEhfuzyH,https://whiskyauctioneer.com/november-2020-auction
whiskyauctioneer.com,Eagle Rare 20 Year Old Double Eagle Very Rare 2020 Release,304050,5200,Buffalo Trace,20 Year Old,,Kentucky USA,Official,,90 US Proof / 45%,75cl,Operational,Winning Bid,07.12.20,https://web-whisky-live.s3-eu-west-1.amazonaws.com/s3fs-public/styles/uc_product_full/public/IMG_9568_58_0.JPG?itok=UBC6J7hC,https://whiskyauctioneer.com/november-2020-auction
whiskyauctioneer.com,Karuizawa 1983 Noh Single Sherry Cask 29 Year Old #5322​ / LMDW,309977,5200,Karuizawa,29 Years Old,1983,Japan,Number One Drinks,Sherry Hogshead,59.4%,70cl,Closed,Winning Bid,07.12.20,https://web-whisky-live.s3-eu-west-1.amazonaws.com/s3fs-public/styles/uc_product_full/public/DSC00178_1.jpg?itok=2W2XZNeK,https://whiskyauctioneer.com/november-2020-auction
whiskyauctioneer.com,Bowmore 1956 Sherry Casks,310373,5000,Bowmore,,1956,Islay,Official,Sherry Casks,43%,75cl,Operational,Winning Bid,07.12.20,https://web-whisky-live.s3-eu-west-1.amazonaws.com/s3fs-public/styles/uc_product_full/public/DSC00206_0.jpg?itok=nZ4w9z4n,https://whiskyauctioneer.com/november-2020-auction
whiskyauctioneer.com,Ichiro's Malt Double Distilleries + Peated / Hanyu and Chichibu,305256,5000,Chichibu & Hanyu,,,Japan,Ichiro's Malt,,61.3%,70cl,Operational,Winning Bid,07.12.20,https://web-whisky-live.s3-eu-west-1.amazonaws.com/s3fs-public/styles/uc_product_full/public/IMG_4472_21.JPG?itok=KCQkDNyd,https://whiskyauctioneer.com/november-2020-auction
whiskyauctioneer.com,"Macallan 1951 Campbell, Hope and King 80 Proof",314588,4900,Macallan,,1951,Speyside,Official,sherry wood,80 proof,26 2/3 fl oz,Operational,Winning Bid,07.12.20,https://web-whisky-live.s3-eu-west-1.amazonaws.com/s3fs-public/styles/uc_product_full/public/IMG_9012_36.JPG?itok=LzvK8k4D,https://whiskyauctioneer.com/november-2020-auction
whiskyauctioneer.com,SMWS 26 Malts Collection 26 x 50cl,308439,4900,,,,Scotland,SMWS,,see lot description,26 x 50cl,Operational,Winning Bid,07.12.20,https://web-whisky-live.s3-eu-west-1.amazonaws.com/s3fs-public/styles/uc_product_full/public/IMG_0406_39.jpg?itok=1cv5mmjQ,https://whiskyauctioneer.com/november-2020-auction
whiskyauctioneer.com,Clynelish 12 Year Old Ainslie and Heilbron Cask Strength 1971 / Edward and Edward,312949,4800,Clynelish (Brora),12 Year Old,,Highland,Official for Edward & Edward,,56.9%,75cl,Closed,Winning Bid,07.12.20,https://web-whisky-live.s3-eu-west-1.amazonaws.com/s3fs-public/styles/uc_product_full/public/IMG_9453_53.JPG?itok=i5QHAaCX,https://whiskyauctioneer.com/november-2020-auction
whiskyauctioneer.com,Yamazaki 2020 Editions 4 x 70cl,313227,4800,Yamazaki,,,Japan,Official,,48%,4 x 70cl,Operational,Winning Bid,07.12.20,https://web-whisky-live.s3-eu-west-1.amazonaws.com/s3fs-public/styles/uc_product_full/public/IMG_6936_26.JPG?itok=5LeX9sdJ,https://whiskyauctioneer.com/november-2020-auction
whiskyauctioneer.com,Port Ellen 1979 Prima and Ultima 40 Year Old,307672,4700,Port Ellen,40 year old,1979,Islay,official,refill butt,51.2%,70cl,Closed,Winning Bid,07.12.20,https://web-whisky-live.s3-eu-west-1.amazonaws.com/s3fs-public/styles/uc_product_full/public/IMG_4770_8.jpg?itok=yLTzw4pV,https://whiskyauctioneer.com/november-2020-auction
whiskyauctioneer.com,Glenfiddich 1937 Rare Collection 64 Year Old,224502,47500,Glenfiddich,64 year old,1937,Speyside,Official,,44%,70cl,Operational,Winning Bid,16.11.20,https://web-whisky-live.s3-eu-west-1.amazonaws.com/s3fs-public/styles/uc_product_full/public/7Q5A9542_0.JPG?itok=IfQnddX9,https://whiskyauctioneer.com/glenfiddich-pioneers-whisky
whiskyauctioneer.com,Glenfiddich 50 Year Old 1st Edition,224510,21000,Glenfiddich,50 Year Old,1937 & 1939,Speyside,Official,,46.1%,70cl,Operational,Winning Bid,16.11.20,https://web-whisky-live.s3-eu-west-1.amazonaws.com/s3fs-public/styles/uc_product_full/public/7Q5A9536_0.JPG?itok=iallhL-8,https://whiskyauctioneer.com/glenfiddich-pioneers-whisky
whiskyauctioneer.com,Glenfiddich 1959 Vintage Reserve 40 Year Old #3935 / One of 6 bottles,220122,13500,Glenfiddich,40 year old,1959,Speyside,Official,,not known,70cl,Operational,Winning Bid,16.11.20,https://web-whisky-live.s3-eu-west-1.amazonaws.com/s3fs-public/styles/uc_product_full/public/IMG_8673_24.JPG?itok=HDj5LKBs,https://whiskyauctioneer.com/glenfiddich-pioneers-whisky
whiskyauctioneer.com,Glenfiddich 1955 Private Vintage #4221 / World of Whiskies,255492,7900,Glenfiddich,,1955,Speyside,Official,,52.6%,70cl,Operational,Winning Bid,16.11.20,https://web-whisky-live.s3-eu-west-1.amazonaws.com/s3fs-public/styles/uc_product_full/public/IMG_5370_30.JPG?itok=nCwkzx8G,https://whiskyauctioneer.com/glenfiddich-pioneers-whisky
whiskyauctioneer.com,Glenfiddich Special Pure Malt circa 1930s-40s,220135,5300,Glenfiddich,,,Speyside,Official,,,Full Size,Operational,Winning Bid,16.11.20,https://web-whisky-live.s3-eu-west-1.amazonaws.com/s3fs-public/styles/uc_product_full/public/IMG_8685_22.JPG?itok=b9oy8Edi,https://whiskyauctioneer.com/glenfiddich-pioneers-whisky
whiskyauctioneer.com,Glenfiddich 1958 Private Vintage #8642 / World of Whiskies,258050,3700,Glenfiddich,,1958,Speyside,Official,,46.3%,70cl,Operational,Winning Bid,16.11.20,https://web-whisky-live.s3-eu-west-1.amazonaws.com/s3fs-public/styles/uc_product_full/public/IMG_5444_27.JPG?itok=fo4xpOVT,https://whiskyauctioneer.com/glenfiddich-pioneers-whisky
whiskyauctioneer.com,Glenfiddich 1959 Private Vintage #3934 / World of Whiskies,258043,3700,Glenfiddich,,1959,Speyside,Official,,48.1%,70cl,Operational,Winning Bid,16.11.20,https://web-whisky-live.s3-eu-west-1.amazonaws.com/s3fs-public/styles/uc_product_full/public/IMG_5435_28.JPG?itok=7rfgVMxI,https://whiskyauctioneer.com/glenfiddich-pioneers-whisky
whiskyauctioneer.com,Glenfiddich 1958 Private Vintage #8642 / World of Whiskies,258084,3577,Glenfiddich,,1958,Speyside,Official,,46.3%,70cl,Operational,Winning Bid,16.11.20,https://web-whisky-live.s3-eu-west-1.amazonaws.com/s3fs-public/styles/uc_product_full/public/IMG_5536_23.JPG?itok=c1GHKRCX,https://whiskyauctioneer.com/glenfiddich-pioneers-whisky
whiskyauctioneer.com,Glenfiddich 1965 Private Vintage #10836 / Republic of Singapore 40th Anniversary,262617,3200,Glenfiddich,40 Year Old,1965,Speyside,Official,,47.3%,70cl,Operational,Winning Bid,16.11.20,https://web-whisky-live.s3-eu-west-1.amazonaws.com/s3fs-public/styles/uc_product_full/public/IMG_3141_26_0.JPG?itok=sgsBerdM,https://whiskyauctioneer.com/glenfiddich-pioneers-whisky
whiskyauctioneer.com,Glenfiddich 1964 Private Vintage #13430 / World of Whiskies,255490,3100,Glenfiddich,42 Year Old,1964,Speyside,Official,,45.6%,70cl,Operational,Winning Bid,16.11.20,https://web-whisky-live.s3-eu-west-1.amazonaws.com/s3fs-public/styles/uc_product_full/public/IMG_5367_29.JPG?itok=Lcf8Ep_w,https://whiskyauctioneer.com/glenfiddich-pioneers-whisky
whiskyauctioneer.com,Glenfiddich 1965 Private Vintage #10836 / Republic of Singapore 40th Anniversary,286518,3100,Glenfiddich,40 Year Old,1965,Speyside,Official,,47.3%,70cl,Operational,Winning Bid,16.11.20,https://web-whisky-live.s3-eu-west-1.amazonaws.com/s3fs-public/styles/uc_product_full/public/IMG_4411_21.JPG?itok=w6UNaPtu,https://whiskyauctioneer.com/glenfiddich-pioneers-whisky
whiskyauctioneer.com,Glenfiddich 40 Year Old Rare Collection 2000,220121,3100,Glenfiddich,40 Year Old,,Speyside,Official,,43.6%,70cl,Operational,Winning Bid,16.11.20,https://web-whisky-live.s3-eu-west-1.amazonaws.com/s3fs-public/styles/uc_product_full/public/IMG_8670_25.JPG?itok=gSH8kzd9,https://whiskyauctioneer.com/glenfiddich-pioneers-whisky
whiskyauctioneer.com,Glenfiddich 1976 Private Vintage #2433 / Concorde,255488,3001,Glenfiddich,,1976,Speyside,Official,,52.5%,70cl,Operational,Winning Bid,16.11.20,https://web-whisky-live.s3-eu-west-1.amazonaws.com/s3fs-public/styles/uc_product_full/public/IMG_5363_22.JPG?itok=L6T0coog,https://whiskyauctioneer.com/glenfiddich-pioneers-whisky
whiskyauctioneer.com,Glenfiddich 1963 Vintage Reserve 35 Year Old #12371,220118,3000,Glenfiddich,35 year old,1963,Speyside,Official,,47.6%,70cl,Operational,Winning Bid,16.11.20,https://web-whisky-live.s3-eu-west-1.amazonaws.com/s3fs-public/styles/uc_product_full/public/IMG_8623_24.JPG?itok=u1hawfGm,https://whiskyauctioneer.com/glenfiddich-pioneers-whisky
whiskyauctioneer.com,Glenfiddich 1964 Private Vintage #13430 / World of Whisky,255542,3000,Glenfiddich,42 Year Old,1964,Speyside,Official,,45.6%,70cl,Operational,Winning Bid,16.11.20,https://web-whisky-live.s3-eu-west-1.amazonaws.com/s3fs-public/styles/uc_product_full/public/IMG_5418_29.JPG?itok=nWC0IEw9,https://whiskyauctioneer.com/glenfiddich-pioneers-whisky
whiskyauctioneer.com,Glenfiddich 1974 Private Vintage #10245 / Playboy,255494,2800,Glenfiddich,,1974,Speyside,Official,,48.1%,70cl,Operational,Winning Bid,16.11.20,https://web-whisky-live.s3-eu-west-1.amazonaws.com/s3fs-public/styles/uc_product_full/public/IMG_5377_21.JPG?itok=rdfT8guv,https://whiskyauctioneer.com/glenfiddich-pioneers-whisky
whiskyauctioneer.com,Glenfiddich 40 Year Old Rare Collection 2013,256860,2700,Glenfiddich,40 Year Old,,Speyside,Official,,45.9%,70cl,Operational,Winning Bid,16.11.20,https://web-whisky-live.s3-eu-west-1.amazonaws.com/s3fs-public/styles/uc_product_full/public/IMG_5558_28.JPG?itok=vMTTZMz_,https://whiskyauctioneer.com/glenfiddich-pioneers-whisky
whiskyauctioneer.com,Glenfiddich Pure Malt circa 1950s,220460,2700,Glenfiddich,,,Speyside,Official,,70 proof,full size,Operational,Winning Bid,16.11.20,https://web-whisky-live.s3-eu-west-1.amazonaws.com/s3fs-public/styles/uc_product_full/public/IMG_2721_36.JPG?itok=F2Rn2T2q,https://whiskyauctioneer.com/glenfiddich-pioneers-whisky
whiskyauctioneer.com,Glenfiddich 1961 Vintage Reserve 35 Year Old #9015,262618,2600,Glenfiddich,,1961,Speyside,Official,,43.2%,70cl,Operational,Winning Bid,16.11.20,https://web-whisky-live.s3-eu-west-1.amazonaws.com/s3fs-public/styles/uc_product_full/public/IMG_3168_26_0.JPG?itok=niJUuM4S,https://whiskyauctioneer.com/glenfiddich-pioneers-whisky
whiskyauctioneer.com,Glenfiddich 1974 Private Vintage #10245 / Playboy ,255503,2200,Glenfiddich,,1974,Speyside,Official,,48.1%,70cl,Operational,Winning Bid,16.11.20,https://web-whisky-live.s3-eu-west-1.amazonaws.com/s3fs-public/styles/uc_product_full/public/IMG_4422_23.JPG?itok=BilSp1IF,https://whiskyauctioneer.com/glenfiddich-pioneers-whisky
whiskyauctioneer.com,Glenfiddich 1975 Private Vintage #20540 / Cathay Pacific,258030,2200,Glenfiddich,,1975,Speyside,Official,,50.7%,70cl,Operational,Winning Bid,16.11.20,https://web-whisky-live.s3-eu-west-1.amazonaws.com/s3fs-public/styles/uc_product_full/public/IMG_5429_24.JPG?itok=l872bsAU,https://whiskyauctioneer.com/glenfiddich-pioneers-whisky
whiskyauctioneer.com,Glenfiddich 1974 Rare Collection 36 Year Old,258077,2000,Glenfiddich,36 Year Old,1974,Speyside,Official,,46.8%,70cl,Operational,Winning Bid,16.11.20,https://web-whisky-live.s3-eu-west-1.amazonaws.com/s3fs-public/styles/uc_product_full/public/IMG_5513_23.JPG?itok=k0UHPUMi,https://whiskyauctioneer.com/glenfiddich-pioneers-whisky
whiskyauctioneer.com,Glenfiddich 1974 Rare Collection 36 Year Old,258074,1900,Glenfiddich,36 Year Old,1974,Speyside,Official,,46.8%,70cl,Operational,Winning Bid,16.11.20,https://web-whisky-live.s3-eu-west-1.amazonaws.com/s3fs-public/styles/uc_product_full/public/IMG_5477_26.JPG?itok=9GxO52x-,https://whiskyauctioneer.com/glenfiddich-pioneers-whisky
whiskyauctioneer.com,Glenfiddich 1965 Vintage Reserve 35 Year Old #10837,258072,1750,Glenfiddich,35 Year Old,1965,Speyside,Official,,47.8%,70cl,Operational,Winning Bid,16.11.20,https://web-whisky-live.s3-eu-west-1.amazonaws.com/s3fs-public/styles/uc_product_full/public/IMG_5471_22.JPG?itok=da8zDlFC,https://whiskyauctioneer.com/glenfiddich-pioneers-whisky
whiskyauctioneer.com,Glenfiddich 1963 Vintage Reserve #12730 / Scotland,255538,1707,Glenfiddich,,1963,Speyside,Official,,46.5%,70cl,Operational,Winning Bid,16.11.20,https://web-whisky-live.s3-eu-west-1.amazonaws.com/s3fs-public/styles/uc_product_full/public/IMG_5415_32.JPG?itok=tahXhE9R,https://whiskyauctioneer.com/glenfiddich-pioneers-whisky
whiskyauctioneer.com,Glenfiddich 1976 Private Vintage #2443,255520,1700,Glenfiddich,,1976,Speyside,Official,,47.9%,70cl,Operational,Winning Bid,16.11.20,https://web-whisky-live.s3-eu-west-1.amazonaws.com/s3fs-public/styles/uc_product_full/public/IMG_5395_26.JPG?itok=t8Zu8oO3,https://whiskyauctioneer.com/glenfiddich-pioneers-whisky
whiskyauctioneer.com,Glenfiddich 1963 Vintage Reserve #12730 / Scottish Exclusive,255549,1661,Glenfiddich,,1963,Speyside,Official,,46.5%,70cl,Operational,Winning Bid,16.11.20,https://web-whisky-live.s3-eu-west-1.amazonaws.com/s3fs-public/styles/uc_product_full/public/IMG_5425_23.JPG?itok=OFdPvoxI,https://whiskyauctioneer.com/glenfiddich-pioneers-whisky
whiskyauctioneer.com,Glenfiddich 1974 Private Vintage #2336 / Coronation of Elizabeth II 50th Anniversary,258061,1650,Glenfiddich,,1974,Speyside,Official,European oak Sherry Cask,48.9%,70cl,Operational,Winning Bid,16.11.20,https://web-whisky-live.s3-eu-west-1.amazonaws.com/s3fs-public/styles/uc_product_full/public/IMG_5450_30.JPG?itok=lvCvYYw5,https://whiskyauctioneer.com/glenfiddich-pioneers-whisky
whiskyauctioneer.com,Glenfiddich 1968 Vintage Reserve 30 Year Old #13140,258073,1600,Glenfiddich,30 Year Old,1968,Speyside,Official,,49.6%,70cl,Operational,Winning Bid,16.11.20,https://web-whisky-live.s3-eu-west-1.amazonaws.com/s3fs-public/styles/uc_product_full/public/IMG_5474_20.JPG?itok=J3oBazmh,https://whiskyauctioneer.com/glenfiddich-pioneers-whisky
whiskyauctioneer.com,Glenfiddich 1973 Private Vintage #9883 / Waldhaus Am See,262620,1600,Glenfiddich,,1973,Speyside,Official,,44.7%,70cl,Operational,Winning Bid,16.11.20,https://web-whisky-live.s3-eu-west-1.amazonaws.com/s3fs-public/styles/uc_product_full/public/IMG_4404_23.JPG?itok=d_PyoFIM,https://whiskyauctioneer.com/glenfiddich-pioneers-whisky
whiskyauctioneer.com,Glenfiddich 1987 Rare Collection 25 Year Old #19996,258071,1600,Glenfiddich,25 Year Old,1987,Speyside,Official,,55.2%,70cl,Operational,Winning Bid,16.11.20,https://web-whisky-live.s3-eu-west-1.amazonaws.com/s3fs-public/styles/uc_product_full/public/IMG_5468_27.JPG?itok=2h0Ol8NP,https://whiskyauctioneer.com/glenfiddich-pioneers-whisky
whiskyauctioneer.com,Glenfiddich 1965 Vintage Reserve 35 Year Old #10837,258089,1500,Glenfiddich,35 Year Old,1965,Speyside,Official,,47.8%,70cl,Operational,Winning Bid,16.11.20,https://web-whisky-live.s3-eu-west-1.amazonaws.com/s3fs-public/styles/uc_product_full/public/IMG_5553_22.JPG?itok=TudKjnfx,https://whiskyauctioneer.com/glenfiddich-pioneers-whisky
whiskyauctioneer.com,Glenfiddich 1967 Vintage Reserve 30 Year Old #3959,258082,1500,Glenfiddich,30 Year Old,1967,Speyside,Official,,43.6%,70cl,Operational,Winning Bid,16.11.20,https://web-whisky-live.s3-eu-west-1.amazonaws.com/s3fs-public/styles/uc_product_full/public/IMG_5530_22.JPG?itok=_nmJVl-C,https://whiskyauctioneer.com/glenfiddich-pioneers-whisky
whiskyauctioneer.com,Glenfiddich 1973 Private Vintage #28553 / World of Whiskies Heathrow T5,255484,1500,Glenfiddich,,1973,Speyside,Official,,48%,70cl,Operational,Winning Bid,16.11.20,https://web-whisky-live.s3-eu-west-1.amazonaws.com/s3fs-public/styles/uc_product_full/public/IMG_5357_28.JPG?itok=PvnuruXv,https://whiskyauctioneer.com/glenfiddich-pioneers-whisky
whiskyauctioneer.com,Glenfiddich 1977 Rare Collection 34 Year Old #22722,258070,1400,Glenfiddich,34 Year Old,1977,Speyside,Official,,48.3%,70cl,Operational,Winning Bid,16.11.20,https://web-whisky-live.s3-eu-west-1.amazonaws.com/s3fs-public/styles/uc_product_full/public/IMG_5465_25.JPG?itok=U2tbDeLB,https://whiskyauctioneer.com/glenfiddich-pioneers-whisky
whiskyauctioneer.com,Glenfiddich 1978 Private Vintage #28136 / Virgin Atlantic,258015,1400,Glenfiddich,,1978,Speyside,Official,,49.2%,70cl,Operational,Winning Bid,16.11.20,https://web-whisky-live.s3-eu-west-1.amazonaws.com/s3fs-public/styles/uc_product_full/public/IMG_5441_26.JPG?itok=RuaqOju5,https://whiskyauctioneer.com/glenfiddich-pioneers-whisky
whiskyauctioneer.com,Glenfiddich 1995 1st Fill Sherry Cask / Spirit of Speyside 2015,281575,1400,Glenfiddich,20 Year Old,1995,Speyside,Official,1st Fill Sherry,57.8%,70cl,Operational,Winning Bid,16.11.20,https://web-whisky-live.s3-eu-west-1.amazonaws.com/s3fs-public/styles/uc_product_full/public/IMG_4496_11.jpg?itok=deQoQN5y,https://whiskyauctioneer.com/glenfiddich-pioneers-whisky
whiskyauctioneer.com,Glenfiddich 1975 Rare Collection 34 Year Old #22000,258076,1375,Glenfiddich,34 year old,1975,Speyside,Official,,53.4%,70cl,Operational,Winning Bid,16.11.20,https://web-whisky-live.s3-eu-west-1.amazonaws.com/s3fs-public/styles/uc_product_full/public/IMG_5510_23.JPG?itok=Xvg0yhPV,https://whiskyauctioneer.com/glenfiddich-pioneers-whisky
whiskyauctioneer.com,Glenfiddich 1967 Vintage Reserve 30 Year Old #3959,258083,1372,Glenfiddich,30 Year Old,1967,Speyside,Official,,43.6%,70cl,Operational,Winning Bid,16.11.20,https://web-whisky-live.s3-eu-west-1.amazonaws.com/s3fs-public/styles/uc_product_full/public/IMG_5533_21.JPG?itok=qFfj1eqE,https://whiskyauctioneer.com/glenfiddich-pioneers-whisky
whiskyauctioneer.com,Glenfiddich 1967 Vintage Reserve 30 Year Old #3959,255533,1350,Glenfiddich,30 Year Old,1967,Speyside,Official,,43.6%,70cl,Operational,Winning Bid,16.11.20,https://web-whisky-live.s3-eu-west-1.amazonaws.com/s3fs-public/styles/uc_product_full/public/IMG_5412_34.JPG?itok=HCmOsmGT,https://whiskyauctioneer.com/glenfiddich-pioneers-whisky
whiskyauctioneer.com,Macallan 60 Year Old The Red Collection,301515,122000,Macallan,60 year old,,Speyside,Official,sherry wood,43.4%,70cl,Operational,Winning Bid,09.11.20,https://web-whisky-live.s3-eu-west-1.amazonaws.com/s3fs-public/styles/uc_product_full/public/7Q5A9988.jpg?itok=yE8ROSDl,https://whiskyauctioneer.com/october-2020-auction
whiskyauctioneer.com,Macallan 50 Year Old The Red Collection,301537,52000,Macallan,50 year old,,Speyside,Official,sherry wood,45.1%,70cl,Operational,Winning Bid,09.11.20,https://web-whisky-live.s3-eu-west-1.amazonaws.com/s3fs-public/styles/uc_product_full/public/7Q5A9999_0.jpg?itok=_EYiC4Ze,https://whiskyauctioneer.com/october-2020-auction
whiskyauctioneer.com,Macallan 65 Year Old Lalique Six Pillars Collection No.6 / Bottle 2,288191,46000,Macallan,65 year old,,Speyside,Official,sherry wood,46.3%,70cl,Operational,Winning Bid,09.11.20,https://web-whisky-live.s3-eu-west-1.amazonaws.com/s3fs-public/styles/uc_product_full/public/7Q5A9274_0_0.JPG?itok=sMrN2m10,https://whiskyauctioneer.com/october-2020-auction
whiskyauctioneer.com,Hanyu 1985 Ichiro's Malt 'Card' #1024 / The Joker 'Monochrome',297585,37000,Hanyu,,1985,Japan,Official,,54.9%,70cl,Closed,Winning Bid,09.11.20,https://web-whisky-live.s3-eu-west-1.amazonaws.com/s3fs-public/styles/uc_product_full/public/IMG_9905_76.JPG?itok=RcJAgAUr,https://whiskyauctioneer.com/october-2020-auction
whiskyauctioneer.com,Macallan 1975 Fine and Rare 30 Year Old,298842,22000,Macallan,30 Year Old,1975,Speyside,Official,bourbon cask,51%,70cl,Operational,Winning Bid,09.11.20,https://web-whisky-live.s3-eu-west-1.amazonaws.com/s3fs-public/styles/uc_product_full/public/IMG_9898_76.JPG?itok=y0CvphRS,https://whiskyauctioneer.com/october-2020-auction
whiskyauctioneer.com,Karuizawa 1986-1988 Fight Club Collection 3 x 70cl,288652,21000,Karuizawa,,,Japan,Official,Sherry Butt,56.5%-58.4%,3 x 70cl,Closed,Winning Bid,09.11.20,https://web-whisky-live.s3-eu-west-1.amazonaws.com/s3fs-public/styles/uc_product_full/public/IMG_0929_78.JPG?itok=eKuc807q,https://whiskyauctioneer.com/october-2020-auction
whiskyauctioneer.com,Macallan 40 Year Old 2016 Release,302723,18500,Macallan,40 Year Old,,Speyside,Official,Sherry Wood,45%,70cl,Operational,Winning Bid,09.11.20,https://web-whisky-live.s3-eu-west-1.amazonaws.com/s3fs-public/styles/uc_product_full/public/IMG_9799_51.JPG?itok=Uw8YeEMT,https://whiskyauctioneer.com/october-2020-auction
whiskyauctioneer.com,Springbank 12 Year Old Sherry Cask 1980s / Samaroli Import,299543,18000,Springbank,12 Year Old,,Campbeltown,Official for Samaroli,Sherry,57.1%,75cl,Operational,Winning Bid,09.11.20,https://web-whisky-live.s3-eu-west-1.amazonaws.com/s3fs-public/styles/uc_product_full/public/IMG_9902_75.JPG?itok=yJLCYWvi,https://whiskyauctioneer.com/october-2020-auction
whiskyauctioneer.com,Karuizawa 36 Year Old Single Sherry Cask #5077 / Sapphire Geisha,302062,17500,Karuizawa,36 Year Old,,Japan,Elixir Distillers,Sherry,61.2%,70cl,Closed,Winning Bid,09.11.20,https://web-whisky-live.s3-eu-west-1.amazonaws.com/s3fs-public/styles/uc_product_full/public/IMG_6571_20_0_0_0.JPG?itok=dfdYy5bh,https://whiskyauctioneer.com/october-2020-auction
whiskyauctioneer.com,Karuizawa 1967 Single Cask #6426 / TWE 10th Anniversary,298564,13500,Karuizawa,,1969,Japan,Official,Sherry,58.4%,70cl,Closed,Winning Bid,09.11.20,https://web-whisky-live.s3-eu-west-1.amazonaws.com/s3fs-public/styles/uc_product_full/public/IMG_0339_138.JPG?itok=zW5UOg-q,https://whiskyauctioneer.com/october-2020-auction
whiskyauctioneer.com,Ledaig 2009 Hogshead #700502 / Cask in storage at Whiskybroker,299840,13500,Tobermory,,2009,Island,Still in cask,hogshead,59.9% as of 8/10/2020,200.74 bulk Litre as of 8/10/2020,Operational,Winning Bid,09.11.20,https://web-whisky-live.s3-eu-west-1.amazonaws.com/s3fs-public/styles/uc_product_full/public/Ledaig%20Cask%201020-01.jpg?itok=5PQrBaoj,https://whiskyauctioneer.com/october-2020-auction
whiskyauctioneer.com,1 Bruichladdich 2010 Fresh Bourbon Barrel #2027 / Cask in storage at Bruichladdich,299853,13000,Bruichladdich,10 Year Old,2010,Islay,Still in cask,fresh bourbon,61.1% as of 3/2020,172 bulk Litre as of 3/2020,Operational,Winning Bid,09.11.20,https://web-whisky-live.s3-eu-west-1.amazonaws.com/s3fs-public/styles/uc_product_full/public/Bruichladdich%20Cask%201020-01.jpg?itok=9mJ4xNSx,https://whiskyauctioneer.com/october-2020-auction
whiskyauctioneer.com,1 Bruichladdich 2010 Fresh Bourbon Barrel #2033 / Cask in storage at Bruichladdich,302008,12500,Bruichladdich,10 Year Old,2010,Islay,Still in cask,fresh bourbon,60.5% as of 10/2020,164 bulk Litre as of 10/2020,Operational,Winning Bid,09.11.20,https://web-whisky-live.s3-eu-west-1.amazonaws.com/s3fs-public/styles/uc_product_full/public/Bruichladdich%2010%20Cask%201020-01.jpg?itok=BFgSt6XP,https://whiskyauctioneer.com/october-2020-auction
whiskyauctioneer.com,Ichiro's Malt Double Distilleries / Ghost Series #8,302180,12500,Chichibu & Hanyu,,,Japan,Number One Drinks,,60.1%,70cl,Closed,Winning Bid,09.11.20,https://web-whisky-live.s3-eu-west-1.amazonaws.com/s3fs-public/styles/uc_product_full/public/IMG_0221_176.JPG?itok=cdUElArM,https://whiskyauctioneer.com/october-2020-auction
whiskyauctioneer.com,Karuizawa 1974 Single Sherry Cask 40 Year Old #4560 / Blue Geisha,302181,12500,Karuizawa,40 Year Old,1974,Japan,Official,Sherry Butt,58.8%,70cl,Closed,Winning Bid,09.11.20,https://web-whisky-live.s3-eu-west-1.amazonaws.com/s3fs-public/styles/uc_product_full/public/IMG_0215_187.JPG?itok=0eb-ExjL,https://whiskyauctioneer.com/october-2020-auction
whiskyauctioneer.com,Karuizawa 31 Year Old Single Sherry Cask #3667 / Golden Geisha,295909,12500,Karuizawa,31 Year Old,,Japan,Official,Sherry,59.4%,70cl,Closed,Winning Bid,09.11.20,https://web-whisky-live.s3-eu-west-1.amazonaws.com/s3fs-public/styles/uc_product_full/public/IMG_1107_79.JPG?itok=ChxwDUss,https://whiskyauctioneer.com/october-2020-auction
whiskyauctioneer.com,Karuizawa 1999-2000 Koinobori Collection 3 x 70cl / Dekantā,301129,12000,Karuizawa,,1999 & 2000,Japan,Official,Sherry,60.7%-61.7%,3 x 70cl,Closed,Winning Bid,09.11.20,https://web-whisky-live.s3-eu-west-1.amazonaws.com/s3fs-public/styles/uc_product_full/public/IMG_0986_83.JPG?itok=jmQjuWBg,https://whiskyauctioneer.com/october-2020-auction
whiskyauctioneer.com,Karuizawa 1974 Single Cask 40 Year Old Cask # 3626 / Gold Geisha,299070,11600,Karuizawa,40 Year Old,1974,Japan,Official,,64.5%,70cl,Closed,Winning Bid,09.11.20,https://web-whisky-live.s3-eu-west-1.amazonaws.com/s3fs-public/styles/uc_product_full/public/IMG_2754_44.JPG?itok=_rIErPzb,https://whiskyauctioneer.com/october-2020-auction
whiskyauctioneer.com,Karuizawa 31 Year Old Single Sherry Cask #3558 / Sapphire Geisha,304437,11500,Karuizawa,31 Year Old,,Japan,Elixir Distillers,Sherry,58.9%,70cl,Closed,Winning Bid,09.11.20,https://web-whisky-live.s3-eu-west-1.amazonaws.com/s3fs-public/styles/uc_product_full/public/IMG_8210_29_0.JPG?itok=Ms77OqaY,https://whiskyauctioneer.com/october-2020-auction
whiskyauctioneer.com,Macallan 1971 Fine and Rare 30 Year Old #4280,300086,11500,Macallan,30 Year Old,1971,Speyside,Official,1st fill sherry butt,56.4%,70cl,Operational,Winning Bid,09.11.20,https://web-whisky-live.s3-eu-west-1.amazonaws.com/s3fs-public/styles/uc_product_full/public/IMG_9862_70.JPG?itok=7A0uwXPO,https://whiskyauctioneer.com/october-2020-auction
whiskyauctioneer.com,Karuizawa 1977 Single Sherry Cask 40 Year Old #4139,295101,10500,Karuizawa,40 Year Old,1977,Japan,Official,Sherry Butt,64.9%,70cl,Closed,Winning Bid,09.11.20,https://web-whisky-live.s3-eu-west-1.amazonaws.com/s3fs-public/styles/uc_product_full/public/IMG_2978_25_0_3_0_0.JPG?itok=06gkgU8g,https://whiskyauctioneer.com/october-2020-auction
whiskyauctioneer.com,Macallan 1970 Fine and Rare 32 Year Old #241,300088,10500,Macallan,32 Year Old,1970,Speyside,Official,sherry butt,54.9%,70cl,Operational,Winning Bid,09.11.20,https://web-whisky-live.s3-eu-west-1.amazonaws.com/s3fs-public/styles/uc_product_full/public/IMG_9865_70.JPG?itok=TC8K0gEh,https://whiskyauctioneer.com/october-2020-auction
whiskyauctioneer.com,Hanyu 1991 Ichiro's Malt 'Card' #9802 / Four of Clubs,296812,8400,Hanyu,,1991,Japan,Official,see lot description,58%,70cl,Closed,Winning Bid,09.11.20,https://web-whisky-live.s3-eu-west-1.amazonaws.com/s3fs-public/styles/uc_product_full/public/IMG_9814_67.JPG?itok=TAlB0mbW,https://whiskyauctioneer.com/october-2020-auction
whiskyauctioneer.com,Karuizawa 1984 Single Cask 29 Year Old #8897 / TWE Whisky Show 2014,295098,8300,Karuizawa,29 Year Old,1984,Japan,Number 1 Drinks,Bourbon,53.9%,70cl,Closed,Winning Bid,09.11.20,https://web-whisky-live.s3-eu-west-1.amazonaws.com/s3fs-public/styles/uc_product_full/public/IMG_8844_31.JPG?itok=G13PJD2q,https://whiskyauctioneer.com/october-2020-auction
whiskyauctioneer.com,Hanyu 1988 Ichiro's Malt 'Card' #9108 / King of Clubs,295110,8200,Hanyu,,1988,Japan,Official,,58%,70cl,Closed,Winning Bid,09.11.20,https://web-whisky-live.s3-eu-west-1.amazonaws.com/s3fs-public/styles/uc_product_full/public/IMG_0814_LI.jpg?itok=2DXtKogs,https://whiskyauctioneer.com/october-2020-auction
whiskyauctioneer.com,Yamazaki 1993 Single Sherry Cask #3T70070 / LMDW,295099,8000,Yamazaki,,1993,Japan,Official,Sherry Butt,57.5%,70cl,Operational,Winning Bid,09.11.20,https://web-whisky-live.s3-eu-west-1.amazonaws.com/s3fs-public/styles/uc_product_full/public/IMG_8850_33.JPG?itok=NiIr7ib3,https://whiskyauctioneer.com/october-2020-auction
whiskyauctioneer.com,Bowmore 1964 Black Bowmore 30 Year Old 2nd Edition,303151,7800,Bowmore,30 Year Old,1964,Islay,Official,Oloroso Sherry,50%,70cl,Operational,Winning Bid,09.11.20,https://web-whisky-live.s3-eu-west-1.amazonaws.com/s3fs-public/styles/uc_product_full/public/IMG_0497_116.JPG?itok=bkRZc9bD,https://whiskyauctioneer.com/october-2020-auction
whiskyauctioneer.com,Hanyu 1988 Ichiro's Malt 'Card' #9108 / King of Clubs,298421,7800,Hanyu,,1988,Japan,Official,,58%,70cl,Closed,Winning Bid,09.11.20,https://web-whisky-live.s3-eu-west-1.amazonaws.com/s3fs-public/styles/uc_product_full/public/IMG_9893_72.JPG?itok=rjzfLN-q,https://whiskyauctioneer.com/october-2020-auction
whiskyauctioneer.com,Karuizawa 1969 Single Bourbon Cask #8183,298473,7800,Karuizawa,42 Year Old,1969,Japan,Number One Drinks,400 Litre Ex-Bourbon Cask,61.3%,70cl,Closed,Winning Bid,09.11.20,https://web-whisky-live.s3-eu-west-1.amazonaws.com/s3fs-public/styles/uc_product_full/public/IMG_0086_231.JPG?itok=IvsV-Qhg,https://whiskyauctioneer.com/october-2020-auction
whiskyauctioneer.com,Karuizawa 1981 Single Sherry Cask 32 Year Old #4380 / Shinanoya Private Cask 10th Anniversary,295242,7000,Karuizawa,312 Year Old,1981,Japan,Official,Sherry cask,55.4%,70cl,Closed,Winning Bid,09.11.20,https://web-whisky-live.s3-eu-west-1.amazonaws.com/s3fs-public/styles/uc_product_full/public/IMG_9231_38.JPG?itok=6Q-LR98I,https://whiskyauctioneer.com/october-2020-auction
whiskyauctioneer.com,Karuizawa 1984 Single Cask 29 Year Old #3662 / Shinanoya & TWE,295243,7000,Karuizawa,29 Years Old,1984,Japan,Official,Sherry Cask,61.0%,70cl,Closed,Winning Bid,09.11.20,https://web-whisky-live.s3-eu-west-1.amazonaws.com/s3fs-public/styles/uc_product_full/public/IMG_9234_39.JPG?itok=4U9JEZEE,https://whiskyauctioneer.com/october-2020-auction
whiskyauctioneer.com,Karuizawa 1976 Noh Single Cask 32 Year Old #6719 / Kamiasobi - Haoromo Exclusive,298479,6801,Karuizawa,,1976,Japan,Official,Sherry Butt,63%,70cl,Closed,Winning Bid,09.11.20,https://web-whisky-live.s3-eu-west-1.amazonaws.com/s3fs-public/styles/uc_product_full/public/IMG_0096_213.JPG?itok=MDcsD-YM,https://whiskyauctioneer.com/october-2020-auction
whiskyauctioneer.com,Bowmore 1964 Black Bowmore Final Edition,303154,6500,Bowmore,31 Year Old,1964,Islay,Official,Oloroso Sherry,49%,70cl,Operational,Winning Bid,09.11.20,https://web-whisky-live.s3-eu-west-1.amazonaws.com/s3fs-public/styles/uc_product_full/public/IMG_0500_108.JPG?itok=1BkedsCO,https://whiskyauctioneer.com/october-2020-auction
whiskyauctioneer.com,Karuizawa 1970 Single Cask #6177 / LMDW,298468,6400,Karuizawa,,1970,Japan,Official,450 Litre Ex-Sherry Cask,64.3%,70cl,Closed,Winning Bid,09.11.20,https://web-whisky-live.s3-eu-west-1.amazonaws.com/s3fs-public/styles/uc_product_full/public/IMG_0070_243.JPG?itok=eoEZdzpv,https://whiskyauctioneer.com/october-2020-auction
whiskyauctioneer.com,Nikka 40 Year Old / 80th Anniversary,300195,6400,,40 Year Old,,Japan,Official,,43%,70cl,Operational,Winning Bid,09.11.20,https://web-whisky-live.s3-eu-west-1.amazonaws.com/s3fs-public/styles/uc_product_full/public/IMG_0998_71.JPG?itok=qM3Zbc_I,https://whiskyauctioneer.com/october-2020-auction
whiskyauctioneer.com,Macallan 1950 Handwritten Label,304326,6200,Macallan,,1950,Speyside,Official,,43%,75cl,Operational,Winning Bid,09.11.20,https://web-whisky-live.s3-eu-west-1.amazonaws.com/s3fs-public/styles/uc_product_full/public/IMG_9534_45_0.JPG?itok=XXww9n6v,https://whiskyauctioneer.com/october-2020-auction
whiskyauctioneer.com,Macallan 1988 Exceptional Cask #3890-09 / 2018 Release,300931,6100,Macallan,30 Year Old,1988,Speyside,Official,American Oak Sherry butt,51.7%,70cl,Operational,Winning Bid,09.11.20,https://web-whisky-live.s3-eu-west-1.amazonaws.com/s3fs-public/styles/uc_product_full/public/IMG_0347_136.JPG?itok=VUau8tk6,https://whiskyauctioneer.com/october-2020-auction
whiskyauctioneer.com,Karuizawa 1972 Single Cask #7038,304328,5700,Karuizawa,,1972,Japan,Number One Drinks,,63.3%,70cl,Closed,Winning Bid,09.11.20,https://web-whisky-live.s3-eu-west-1.amazonaws.com/s3fs-public/styles/uc_product_full/public/IMG_2814-DT-PACKING-04_0.JPG?itok=1jfm3nl4,https://whiskyauctioneer.com/october-2020-auction
whiskyauctioneer.com,Karuizawa 1972 Single Cask #7038,298501,5600,Karuizawa,,1972,Japan,Number One Drinks,,63.3%,70cl,Closed,Winning Bid,09.11.20,https://web-whisky-live.s3-eu-west-1.amazonaws.com/s3fs-public/styles/uc_product_full/public/IMG_0147_187.JPG?itok=zq_cpr5W,https://whiskyauctioneer.com/october-2020-auction